<?xml version="1.0"?>
<!--###################################################################################
		Lake of Constance Hangar :: M.Kraus
		Boeing 707 for Flightgear Septemper 2013
		This file is licenced under the terms of the GNU General Public Licence V2 or later
		###################################################################################
-->
<PropertyList include="707-common.xml">
 <sim n="0">
  <description>Boeing 707 TT / KC-137D</description>
	<startup>
		<splash-texture>Aircraft/707/splashTT.png</splash-texture>
	</startup>
	
  <model n="0">
   	 <path>Aircraft/707/Models/707-TT.xml</path>
      <livery>
        <file type="string">707</file>
      </livery>
  </model>

	<menubar>
		<default>
			<menu n="100">
				<label>Boeing 707 TT</label>
				<enabled type="bool">true</enabled>
				<item>
					<label>Autostart / shutdown</label>
					<binding>
						<command>property-toggle</command>
						<property>sim/model/start-idling</property>
					</binding>
				</item>      
				<item>
			        <label>Checklists</label>
			        <binding>
			          <command>dialog-show</command>
			          <dialog-name>checklist</dialog-name>
			        </binding>
			    </item>
				<item>
					<label>--- Selection ---</label>
					<enabled>false</enabled>
				</item>
				<item>
					<label>Select livery</label>
					<binding>
						<command>nasal</command>
						<script>aircraft.livery.dialog.open()</script>
					</binding>
				</item>
				<item>
					<label>Show/hide yokes</label>
					<binding>
						<command>property-toggle</command>
		    		<property>sim/yokes-visible</property>
					</binding>
				</item>
				<item>
					<label>--- Equipment ---</label>
					<enabled>false</enabled>
				</item>
				<item>
					<label>Pushback</label>
					<name>pushback</name>
					<binding>
						 <command>dialog-show</command>
						 <dialog-name>pushback</dialog-name>
					</binding>
				</item>				
				<item>
					<label>Fuel Truck Controls</label>
					<binding>
						<command>nasal</command>
							<script>
						 	   var fuel = gui.Dialog.new("sim/gui/dialogs/fuel/dialog", "Aircraft/707/Systems/fuel-truck.xml");
							   fuel.open();
							</script>
					</binding>
				</item>
				<item>
					<label>External Power Unit</label>
					<binding>
						<command>property-toggle</command>
		    		<property>b707/external-power-connected</property>
					</binding>
				</item>	
				<item>
					<label>Toggle Refuelling Boom/Drogues</label>
					<binding>
							<command>nasal</command>
							<script>b707.toggleRefuelling();</script>
					</binding>
				</item>			
				<item>
					<label>--- Registration ---</label>
					<enabled>false</enabled>
				</item>
	            <item>
	              <label>A/C Registration</label>
	              <binding>
	                <command>nasal</command>
	                <script><![CDATA[ 
	                  b707.registrationDialog.toggle();
	                ]]></script>
	              </binding>
	            </item>
			</menu>
		</default>
	</menubar>

	<help>
	  <title>Boeing 707 TT</title>
		<key>
		  <name>L</name>
		  <desc>toggle Landing Lights</desc>
		</key>
		<key>
		  <name>Ctrl + B</name>
		  <desc>Full Speedbrakes</desc>
		</key>
		<key>
		  <name>k/j</name>
		  <desc>Step Speedbrake</desc>
		</key>
		<key>
		  <name>Del</name>
		  <desc>toggle Reverser</desc>
		</key>
		<key>
		  <name>y</name>
		  <desc>toggle Yokes</desc>
		</key>
		<key>
			<name>></name>
			<desc>toggle Pilot - Engineer view</desc>
		</key>
		<key>
			<name>Shift + ></name>
			<desc>toggle Pilot - Autopilot view</desc>
		</key>
		<key>
		  <name>F1</name>
		  <desc>Checklists</desc>
		</key>
		<key>
		  <name>F7</name>
		  <desc>open Map</desc>
		</key>
		<key>
		  <name>F8</name>
		  <desc>open Route-manager</desc>
		</key>
		<key>
		  <name>F9</name>
		  <desc>open Fuel &amp; Weight Menu</desc>
		</key>
		<key>
			<name>O</name>
			<desc>toggle Refuelling Boom/Drogues</desc>
		</key>
		<text>
_____________ Boeing 707 Tanker Transport _________________

Military named KC-135x

Startup engines:
follow the tutorials or use Autostart

Quick startup engines:
Switch GRD START at the Overhead Panel to HIGH PRESS

Shutdown engines:
with autostart / shutdown menu
or cutoff levers down

WARNING: Control the air compressors in the engineer panel. 
You need them for Anti-Ice System and Pressurization. 
Often they fall back at startup procedure or 
to high airspeed. Also if engines goes down by fire or no fuel.
Restart them and wait that all control lamps extinguished.
If air compressor won't work, open BLEED AIR valves
on ENG 2, 3 and 4. This can replace one air compressor.

_____________________ TAKEOFF  _______________________

lightly load, less than 215000 lbs / 14 deg FLAPS + LE FLAPS / 120 - 140 kts
up to 215000 less than 280000 lbs / 25 deg FLAPS + LE FLAPS / 130 - 140 kts
max. takeoff weight	/ 25 deg FLAPS + LE FLAPS / 150 - 160 kts

_____________________ LANDING  _______________________

lightly load, less than 170000 lbs / 50 deg FLAPS + LE FLAPS / 120 - 130 kts
up to 170000 less than 190000 lbs / 50 deg FLAPS + LE FLAPS / 120 - 140 kts
max. landing weight	/ 50 deg FLAPS + LE FLAPS / 130 - 150 kts

touchdown 120 kts | max. 130 kts

_____________________ STABILIZER TRIM  _______________________

On both yokes there are white switches for the electrical stabilizer system.
If you reached cruise altitude, you can trim the aircraft pitch independend 
the mechanical elevator trim system. Its also independed to the autopilot system.

_______________________________________________________
The first 707 for Flightgear was created by Innis Cunningham.
This version is a revamp of that original. Nearly
everthing in 3D models is written and painted new.
Also the jsb fdm and the autopilot.
For development I have used the BOEING 707 document
no. D6-3071-00
		</text>
	</help>
	
  <view n="105">
    <name>Operator Officer</name>
    <enabled type="bool">true</enabled>
    <type>lookfrom</type>
    <internal type="bool">true</internal>
    <config>
			<from-model type="bool">true</from-model>
			<from-model-idx type="int">true</from-model-idx>
			<!-- x/y/z == right/up/back -->
			<x-offset-m archive="y"> 0.0</x-offset-m>
			<y-offset-m archive="y">-1.05</y-offset-m>
			<z-offset-m archive="y">12.65</z-offset-m>
			<heading-offset-deg type="double">-180.0</heading-offset-deg>
			<pitch-offset-deg type="double">-20.0</pitch-offset-deg>
			<from-model-idx type="int">0</from-model-idx>
			<ground-level-nearplane-m type="double">0.5f</ground-level-nearplane-m>
			<default-field-of-view-deg type="double">90.0</default-field-of-view-deg>
			<default-pitch-deg type="double">-2.0</default-pitch-deg>
			<default-heading-deg type="double">0</default-heading-deg>
			<front-direction-deg type="double">0</front-direction-deg>
			<front-left-direction-deg type="double">45</front-left-direction-deg>
			<left-direction-deg type="double">90</left-direction-deg>
			<back-left-direction-deg type="double">135</back-left-direction-deg>
			<back-direction-deg type="double">180</back-direction-deg>
			<back-right-direction-deg type="double">225</back-right-direction-deg>
			<right-direction-deg type="double">270</right-direction-deg>
			<front-right-direction-deg type="double">315</front-right-direction-deg>
			<dynamic-view type="bool">true</dynamic-view>
    </config>
	</view> 
 </sim>
 
	<tanker type="bool">true</tanker>

	<systems>
		<refuel>
		 <type>boom</type>
		 <serviceable type="bool">true</serviceable>
		 <max-fuel-transfer-lbs-min>6000</max-fuel-transfer-lbs-min>
		</refuel>
	</systems>

  <b707 n="0">
		<refuelling>
			<arial-master type="int">0</arial-master>
			<contact type="int">0</contact>
			<ready type="int">0</ready>
			<wing-light-left type="double">0.0</wing-light-left>
			<wing-light-right type="double">0.0</wing-light-right>
			<wing-light-center type="double">0.0</wing-light-center>
			<boom-telescope-lever type="double">0.0</boom-telescope-lever> <!-- only for the Lever, boom is a door animation -->
			<boom-azimuth-lever type="double">0.0</boom-azimuth-lever>
			<boom-azimuth type="double">0.0</boom-azimuth>
			<probe-left type="int">0</probe-left>
			<probe-right type="int">0</probe-right>
			<probe-left-lever type="double">0.0</probe-left-lever>
			<probe-right-lever type="double">0.0</probe-right-lever>
		</refuelling>
  </b707>
	
	<nasal> 
		<b707>		
			<file>Aircraft/707/Nasal/shake.nas</file>
			<file>Aircraft/707/Nasal/autostart.nas</file>
			<file>Aircraft/707/Nasal/fuel-and-payload.nas</file>
			<file>Aircraft/707/Nasal/liveriesTT.nas</file>
			<file>Aircraft/707/Nasal/electrical.nas</file>
			<file>Aircraft/707/Nasal/mk-707.nas</file>
			<file>Aircraft/707/Nasal/mk-agl-radar.nas</file>
			<file>Aircraft/707/Nasal/mk-frw.nas</file>
			<file>Aircraft/707/Nasal/mk-stopwatch.nas</file>
			<file>Aircraft/707/Nasal/mk-rmi.nas</file>
			<file>Aircraft/707/Nasal/mk-wiper.nas</file>
			<file>Aircraft/707/Nasal/mk-ci-tacan.nas</file>    
			<file>Aircraft/707/Nasal/doors.nas</file>
			<file>Aircraft/707/Nasal/tyresmoke.nas</file>
			<file>Aircraft/707/Nasal/brakesystem.nas</file>
			<file>Aircraft/707/Nasal/autopilot-routemanager.nas</file>
			<file>Aircraft/707/Nasal/autopilot-Bendix-PB-20.nas</file>
			<file>Aircraft/707/Nasal/tcas.nas</file>
			<file>Aircraft/707/Nasal/registration.nas</file>
			<file>Aircraft/707/Nasal/manual.nas</file>
		</b707> 
		<aar>
			<file>Aircraft/Generic/aar.nas</file>
		</aar>
	</nasal>

</PropertyList>
